"Abrasives (Manufactured)","product"
"Aluminum","product"
"Antimony","product"
"Arsenic","product"
"Asbestos","product"
"Asphalt & Road Oil","product"
"Barite","product"
"barley","product"
"beans","product"
"beef","product"
"Beryllium","product"
"Bismuth","product"
"Boron","product"
"Bromine","product"
"Butane","product"
"byproducts of animal processing","product"
"Cadmium","product"
"cattle live","product"
"Caustic Soda","product"
"Cement","product"
"Cesium","product"
"chicken live","product"
"chicken meat","product"
"Chlorine","product"
"Chromium","product"
"citrus fruit","product"
"Clay, ball","product"
"Clay, bentonite","product"
"Clay, common","product"
"Clay, fire clay","product"
"Clay, fullers earth","product"
"Clay, kaolin","product"
"Coal","product"
"Coal Combustion products","product"
"Cobalt","product"
"Coke","product"
"Columbium","product"
"Copper","product"
"corn","product"
"cotton","product"
"cottonseed","product"
"Crushed stone","product"
"Diamonds, industrial","product"
"Diatomite","product"
"Distillate Fuel Oil","product"
"Earth moving","product"
"Eggs","product"
"Feldspar","product"
"Fishery Products","product"
"Fluorspar","product"
"Fuelwood","product"
"Gallium","product"
"Garnet","product"
"Germanium","product"
"Gold","product"
"Graphite","product"
"Gypsum","product"
"Hafnium","product"
"hay","product"
"Helium","product"
"Indium","product"
"Iodine","product"
"Iron & Steel","product"
"Iron & Steel Slag","product"
"Iron ore","product"
"Jet Fuel","product"
"Kerosene","product"
"Kyanite and related minerals","product"
"Lamb and mutton meat","product"
"Lead","product"
"Lime","product"
"Lithium","product"
"live pigs","product"
"Live turkeys","product"
"Lubricants","product"
"Lumber","product"
"Magnesium compounds","product"
"Magnesium metal","product"
"Manganese","product"
"Mercury","product"
"Mica, natural sheet","product"
"Mica, scrap and flake","product"
"Milk & Milk Products","product"
"Millet","product"
"Molybdenum","product"
"Motor Gasoline","product"
"mushrooms","product"
"Natural gas (Methane)","product"
"Nickel","product"
"Nitrogen","product"
"non-citrus fruit","product"
"Oats","product"
"Other Industrial Roundwood","product"
"Paper & Board","product"
"Peanuts","product"
"Peat","product"
"Perlite","product"
"Petroleum Coke","product"
"Phosphate rock","product"
"Phosphoric acid","product"
"Plywood & Laminated Veneer Lumber (LVL)","product"
"Pork","product"
"Potash","product"
"potatoes","product"
"Propane","product"
"Pumice & pumicite","product"
"Quartz crystal, industrial","product"
"Rare earths","product"
"Residual Fuel Oil","product"
"Rhenium","product"
"Rice","product"
"Rubber (crude natural)","product"
"Rubidium","product"
"rye","product"
"Salt","product"
"Sand & Gravel construction","product"
"Sand & Gravel industrial","product"
"Scandium","product"
"Selenium","product"
"Silicon","product"
"Silver","product"
"Soda ash","product"
"Sodium sulfate","product"
"sorghum","product"
"Soybeans","product"
"Stone, dimension","product"
"Strontium","product"
"Sugar Beets","product"
"Sugar Cane","product"
"Sulfur","product"
"Sunflowers","product"
"Synthetic rubber","product"
"Talc & Pyrophyllite","product"
"Tantalum","product"
"Tellurium","product"
"Thallium","product"
"Thorium","product"
"Tin","product"
"Titanium concentrates","product"
"Titanium dioxide","product"
"Titanium sponge metal","product"
"Tobacco","product"
"Total plastic and synthetic fibers","product"
"Tree Nuts","product"
"Tungsten","product"
"Turkey meat","product"
"Vanadium","product"
"veggies","product"
"Vermiculite","product"
"Wheat","product"
"Wood Panels","product"
"Wool","product"
"Yttrium","product"
"Zinc","product"
"Zirconium","product"
